,Model,balancing_technique,f1_mean,f1_sd,qwk_mean,qwk_sd
0,Random Forest balanced,no,0.3369931135056284,0.002923090061008086,0.36903713537544924,0.02284426452438555
1,AdaBoost balanced,no,0.2840610899624597,0.01281388460290294,0.30092257905263065,0.028086199364567587
2,Gradient Boosting balanced,no,0.3451938623599883,0.010997164531138009,0.3798321381368922,0.020197511093885265
3,Bagging balanced,no,0.3185710050622868,0.004462093017473356,0.3475684552735757,0.012171204187890085
4,XGBoost balanced,no,0.3385939644259169,0.004028961901784177,0.38840446403270656,0.01644716374751036
5,LightGBM balanced,no,0.34238247826097135,0.006731368116443866,0.3663699792344483,0.027749991993037456
6,CatBoost balanced,no,0.3499068957830792,0.00980563358940155,0.38292580513881036,0.025633751130018978
