iter	MultiClass
0	1.600962917
1	1.592435732
2	1.584395623
3	1.576599012
4	1.569178601
5	1.561688377
6	1.554554928
7	1.547502809
8	1.539844244
