,Model,balancing_technique,f1_mean,f1_sd,qwk_mean,qwk_sd,balanced_acc_mean,balanced_acc_sd,mcc_mean,mcc_sd
0,Random Forest balanced,no,0.31232707106840885,0.005677760168725189,0.39536812368576885,0.017102176549925765,0.3280951795852367,0.00612624135383105,0.2259643476771404,0.010197881731522657
1,AdaBoost balanced,no,0.2990174268126903,0.00996745488885004,0.35742019642299716,0.024983685878052404,0.3152816448949464,0.007202290269334549,0.20205096971769784,0.009227185846687996
2,Gradient Boosting balanced,no,0.311919021984143,0.012594679066087253,0.4003712936520061,0.01029947144252371,0.32898841537312074,0.008313128757724093,0.22846154659263837,0.008042267064103192
3,Bagging balanced,no,0.29492167503049077,0.007172599409034248,0.3478784135402263,0.02159809036973901,0.3041506757553751,0.007361312867215515,0.18019447229130647,0.014249929705342258
4,XGBoost balanced,no,0.3089060987490308,0.009964268352814056,0.3755504036514282,0.014349266605548305,0.32093981244154557,0.008625029470401363,0.20799615336005156,0.011730048017485274
5,LightGBM balanced,no,0.32931270648153366,0.005736395289121281,0.39503422175660285,0.012006926100531922,0.33846801753195266,0.006132569027890805,0.21770868788904668,0.008683131833623741
6,CatBoost balanced,no,0.3289153157681309,0.01143853458929701,0.3930057904114877,0.011344927558009978,0.3380020015991402,0.008067146134615517,0.22344199657219632,0.009206066360208072
7,CatBoost_native_categorical balanced,no,0.3542680299802944,0.0070597983295507104,0.4395516256303617,0.024074803960325877,0.36217862712065607,0.004673810521576996,0.27044202936169237,0.004153942104969808
8,CatBoost_native_categorical_balanced balanced,no,0.3613712349841186,0.011594626149955371,0.4329293396973746,0.021201078666680206,0.3700758356510999,0.010799374684310883,0.26036301983095644,0.008782892888232682
